timestamp,source_ip,alert_type,severity,asset_id,status
2026-04-11T01:53:00Z,10.3.190.176,malware_detected,HIGH,asset-006,closed
2026-04-11T02:25:00Z,10.1.110.150,policy_violation,MEDIUM,asset-023,open
2026-04-11T08:13:00Z,10.3.56.199,malware_detected,MEDIUM,asset-019,open
2026-04-11T10:58:00Z,10.1.174.184,policy_violation,HIGH,asset-012,investigating
2026-04-11T10:59:00Z,10.2.74.36,brute_force,LOW,asset-003,investigating
2026-04-11T12:16:00Z,10.0.23.109,brute_force,MEDIUM,asset-023,closed
2026-04-11T14:58:00Z,10.3.207.182,brute_force,LOW,asset-027,investigating
2026-04-11T15:58:00Z,10.0.114.65,malware_detected,MEDIUM,asset-039,investigating
2026-04-11T18:04:00Z,10.0.30.243,brute_force,HIGH,asset-026,closed
2026-04-11T18:55:00Z,10.3.146.199,brute_force,LOW,asset-015,closed
2026-04-11T20:31:00Z,10.3.207.100,privilege_escalation,MEDIUM,asset-003,closed
2026-04-11T21:52:00Z,10.0.89.121,privilege_escalation,LOW,asset-034,closed
2026-04-11T22:08:00Z,10.2.132.43,brute_force,HIGH,asset-024,open
2026-04-11T22:21:00Z,10.3.67.123,brute_force,LOW,asset-005,open
2026-04-12T00:09:00Z,10.1.56.217,policy_violation,LOW,asset-034,investigating
2026-04-12T02:16:00Z,10.1.173.133,privilege_escalation,HIGH,asset-034,closed
2026-04-12T02:41:00Z,10.0.89.107,policy_violation,HIGH,asset-012,open
2026-04-12T04:45:00Z,10.3.76.156,privilege_escalation,MEDIUM,asset-033,open
2026-04-12T04:48:00Z,10.2.211.249,brute_force,HIGH,asset-038,open
2026-04-12T05:28:00Z,10.3.104.88,data_exfiltration,MEDIUM,asset-039,open
2026-04-12T06:17:00Z,10.2.74.215,malware_detected,LOW,asset-004,closed
2026-04-12T07:57:00Z,10.2.234.250,policy_violation,MEDIUM,asset-006,closed
2026-04-12T09:31:00Z,10.3.146.138,policy_violation,LOW,asset-001,open
2026-04-12T15:23:00Z,10.1.18.142,data_exfiltration,HIGH,asset-027,open
2026-04-12T15:54:00Z,10.2.80.66,policy_violation,HIGH,asset-007,closed
2026-04-12T17:57:00Z,10.1.84.84,policy_violation,HIGH,asset-034,investigating
2026-04-12T18:35:00Z,10.2.37.99,malware_detected,HIGH,asset-033,investigating
2026-04-12T18:47:00Z,10.2.29.13,policy_violation,HIGH,asset-038,investigating
2026-04-12T19:40:00Z,10.3.8.2,policy_violation,MEDIUM,asset-035,closed
2026-04-12T20:37:00Z,10.0.241.228,policy_violation,LOW,asset-013,closed
2026-04-13T01:42:00Z,10.0.119.222,malware_detected,MEDIUM,asset-007,investigating
2026-04-13T04:20:00Z,10.2.65.225,brute_force,MEDIUM,asset-036,closed
2026-04-13T06:08:00Z,10.1.54.43,policy_violation,HIGH,asset-029,investigating
2026-04-13T09:32:00Z,10.0.120.173,policy_violation,MEDIUM,asset-020,open
2026-04-13T09:54:00Z,10.0.172.225,brute_force,MEDIUM,asset-040,open
2026-04-13T10:07:00Z,10.0.86.237,brute_force,LOW,asset-037,investigating
2026-04-13T10:17:00Z,10.2.152.49,privilege_escalation,MEDIUM,asset-010,closed
2026-04-13T10:54:00Z,10.2.249.224,policy_violation,MEDIUM,asset-035,open
2026-04-13T11:45:00Z,10.0.172.78,data_exfiltration,LOW,asset-021,open
2026-04-13T17:03:00Z,10.3.16.74,brute_force,LOW,asset-027,open
2026-04-13T21:42:00Z,10.2.60.46,policy_violation,HIGH,asset-035,investigating
2026-04-13T22:15:00Z,10.0.153.67,privilege_escalation,MEDIUM,asset-012,open
2026-04-13T22:57:00Z,10.2.75.111,malware_detected,MEDIUM,asset-009,open
2026-04-13T23:46:00Z,10.1.233.254,brute_force,LOW,asset-019,investigating
2026-04-14T00:13:00Z,10.1.115.133,data_exfiltration,HIGH,asset-029,open
2026-04-14T02:20:00Z,10.3.218.43,privilege_escalation,MEDIUM,asset-029,investigating
2026-04-14T02:24:00Z,10.2.135.207,brute_force,MEDIUM,asset-003,closed
2026-04-14T05:28:00Z,10.3.103.177,data_exfiltration,HIGH,asset-009,closed
2026-04-14T06:01:00Z,10.3.77.106,data_exfiltration,MEDIUM,asset-014,investigating
2026-04-14T07:14:00Z,10.1.112.2,brute_force,MEDIUM,asset-005,closed
2026-04-14T08:36:00Z,10.0.136.8,malware_detected,MEDIUM,asset-012,investigating
2026-04-14T12:01:00Z,10.3.185.23,privilege_escalation,HIGH,asset-028,open
2026-04-14T12:55:00Z,10.3.211.14,policy_violation,HIGH,asset-013,closed
2026-04-14T12:57:00Z,10.2.22.182,policy_violation,HIGH,asset-028,open
2026-04-14T13:23:00Z,10.1.222.46,data_exfiltration,LOW,asset-034,closed
2026-04-14T14:05:00Z,10.0.25.202,malware_detected,MEDIUM,asset-022,open
2026-04-14T16:08:00Z,10.0.222.170,data_exfiltration,HIGH,asset-009,open
2026-04-14T21:13:00Z,10.0.228.208,policy_violation,MEDIUM,asset-004,investigating
2026-04-14T21:23:00Z,10.2.31.102,policy_violation,LOW,asset-018,open
2026-04-14T21:24:00Z,10.3.27.223,policy_violation,MEDIUM,asset-010,open
2026-04-14T22:07:00Z,10.1.220.116,policy_violation,LOW,asset-015,investigating
2026-04-14T23:53:00Z,10.0.230.68,malware_detected,HIGH,asset-023,open
2026-04-15T02:11:00Z,10.3.52.7,data_exfiltration,MEDIUM,asset-006,investigating
2026-04-15T06:52:00Z,10.3.209.176,data_exfiltration,LOW,asset-032,investigating
2026-04-15T09:28:00Z,10.0.122.182,data_exfiltration,HIGH,asset-011,investigating
2026-04-15T12:55:00Z,10.2.88.196,policy_violation,MEDIUM,asset-031,open
2026-04-15T13:12:00Z,10.0.195.201,policy_violation,HIGH,asset-023,investigating
2026-04-15T15:00:00Z,10.0.221.215,policy_violation,LOW,asset-038,investigating
2026-04-15T16:23:00Z,10.2.127.246,data_exfiltration,MEDIUM,asset-008,open
2026-04-15T16:26:00Z,10.0.236.173,data_exfiltration,LOW,asset-020,closed
2026-04-15T18:13:00Z,10.1.110.209,brute_force,LOW,asset-015,investigating
2026-04-15T18:40:00Z,10.3.192.116,privilege_escalation,LOW,asset-005,closed
2026-04-15T18:54:00Z,10.0.23.26,data_exfiltration,MEDIUM,asset-030,open
2026-04-15T20:04:00Z,10.3.237.194,malware_detected,LOW,asset-037,closed
2026-04-15T20:10:00Z,10.0.197.98,data_exfiltration,LOW,asset-039,investigating
2026-04-15T20:14:00Z,10.0.111.130,brute_force,MEDIUM,asset-030,investigating
2026-04-15T22:46:00Z,10.1.53.107,brute_force,LOW,asset-038,investigating
2026-04-16T05:20:00Z,10.2.40.65,malware_detected,HIGH,asset-013,closed
2026-04-16T05:40:00Z,10.0.101.116,data_exfiltration,MEDIUM,asset-038,investigating
2026-04-16T06:13:00Z,10.2.51.214,data_exfiltration,MEDIUM,asset-013,investigating
2026-04-16T06:51:00Z,10.3.40.253,malware_detected,HIGH,asset-028,open
2026-04-16T08:03:00Z,10.0.32.122,malware_detected,MEDIUM,asset-029,investigating
2026-04-16T10:53:00Z,10.0.183.244,data_exfiltration,LOW,asset-001,investigating
2026-04-16T11:23:00Z,10.3.173.174,privilege_escalation,MEDIUM,asset-039,open
2026-04-16T14:02:00Z,10.3.134.58,privilege_escalation,MEDIUM,asset-018,closed
2026-04-16T15:37:00Z,10.2.83.215,policy_violation,MEDIUM,asset-017,closed
2026-04-16T17:10:00Z,10.3.236.60,privilege_escalation,LOW,asset-026,closed
2026-04-16T17:41:00Z,10.0.24.196,brute_force,MEDIUM,asset-001,investigating
2026-04-16T21:39:00Z,10.0.14.21,policy_violation,MEDIUM,asset-003,closed
2026-04-16T21:45:00Z,10.0.68.81,privilege_escalation,LOW,asset-008,open
2026-04-16T22:06:00Z,10.3.113.52,data_exfiltration,HIGH,asset-030,investigating
2026-04-16T23:00:00Z,10.0.93.155,policy_violation,MEDIUM,asset-021,closed
2026-04-16T23:27:00Z,10.2.89.182,data_exfiltration,LOW,asset-036,closed
2026-04-17T03:06:00Z,10.3.210.120,data_exfiltration,MEDIUM,asset-004,closed
2026-04-17T03:59:00Z,10.3.97.184,data_exfiltration,HIGH,asset-022,open
2026-04-17T04:15:00Z,10.2.188.120,data_exfiltration,HIGH,asset-036,open
2026-04-17T04:42:00Z,10.0.179.217,data_exfiltration,HIGH,asset-036,investigating
2026-04-17T08:42:00Z,10.1.38.41,brute_force,HIGH,asset-001,investigating
2026-04-17T10:26:00Z,10.1.161.221,policy_violation,MEDIUM,asset-012,open
2026-04-17T10:38:00Z,10.1.31.116,data_exfiltration,LOW,asset-007,investigating
2026-04-17T14:51:00Z,10.0.209.173,privilege_escalation,LOW,asset-032,open
2026-04-17T16:15:00Z,10.0.72.183,data_exfiltration,MEDIUM,asset-018,open
2026-04-17T17:17:00Z,10.2.70.28,policy_violation,LOW,asset-040,closed
2026-04-17T17:48:00Z,10.3.191.113,malware_detected,MEDIUM,asset-034,investigating
2026-04-17T18:09:00Z,10.2.83.145,data_exfiltration,HIGH,asset-016,closed
2026-04-17T20:47:00Z,10.3.111.23,malware_detected,LOW,asset-007,open
2026-04-18T01:15:00Z,10.0.248.209,policy_violation,HIGH,asset-005,closed
2026-04-18T01:29:00Z,10.1.140.95,brute_force,LOW,asset-030,closed
2026-04-18T11:11:00Z,10.1.140.12,privilege_escalation,HIGH,asset-004,closed
2026-04-18T12:36:00Z,10.2.151.6,privilege_escalation,LOW,asset-026,investigating
2026-04-18T12:36:00Z,10.2.131.196,malware_detected,HIGH,asset-032,closed
2026-04-18T13:37:00Z,10.0.202.223,data_exfiltration,LOW,asset-020,closed
2026-04-18T14:35:00Z,10.1.35.71,malware_detected,HIGH,asset-027,investigating
2026-04-18T16:47:00Z,10.1.228.96,policy_violation,LOW,asset-026,investigating
2026-04-18T17:18:00Z,10.3.57.147,malware_detected,MEDIUM,asset-008,investigating
2026-04-18T20:18:00Z,10.3.31.23,data_exfiltration,MEDIUM,asset-018,investigating
2026-04-18T20:36:00Z,10.1.169.191,brute_force,LOW,asset-005,open
2026-04-18T22:04:00Z,10.0.0.13,privilege_escalation,MEDIUM,asset-025,investigating
2026-04-18T23:26:00Z,10.1.243.166,data_exfiltration,LOW,asset-032,investigating
2026-04-18T23:42:00Z,10.2.68.12,brute_force,MEDIUM,asset-023,closed
2026-04-19T01:59:00Z,10.2.16.46,brute_force,MEDIUM,asset-021,open
2026-04-19T02:41:00Z,10.1.189.227,policy_violation,MEDIUM,asset-025,investigating
2026-04-19T05:07:00Z,10.2.121.151,brute_force,HIGH,asset-021,open
2026-04-19T11:09:00Z,10.0.43.24,data_exfiltration,HIGH,asset-028,open
2026-04-19T12:08:00Z,10.2.37.3,privilege_escalation,MEDIUM,asset-030,closed
2026-04-19T14:18:00Z,10.3.79.49,data_exfiltration,LOW,asset-019,open
2026-04-19T14:40:00Z,10.2.181.54,privilege_escalation,HIGH,asset-018,closed
2026-04-19T15:54:00Z,10.1.68.77,brute_force,LOW,asset-029,investigating
2026-04-19T16:31:00Z,10.0.146.61,malware_detected,HIGH,asset-018,investigating
2026-04-19T17:07:00Z,10.2.195.211,data_exfiltration,MEDIUM,asset-024,open
2026-04-19T17:59:00Z,10.3.151.40,policy_violation,LOW,asset-013,investigating
2026-04-19T19:51:00Z,10.3.223.212,policy_violation,MEDIUM,asset-038,investigating
2026-04-19T20:05:00Z,10.2.13.218,malware_detected,MEDIUM,asset-020,open
2026-04-19T20:08:00Z,10.2.126.195,malware_detected,HIGH,asset-026,investigating
2026-04-19T20:44:00Z,10.2.28.59,policy_violation,HIGH,asset-003,investigating
2026-04-19T21:00:00Z,10.1.37.114,data_exfiltration,MEDIUM,asset-023,closed
2026-04-19T23:26:00Z,10.0.96.114,policy_violation,LOW,asset-014,investigating
2026-04-19T23:51:00Z,10.2.45.57,policy_violation,HIGH,asset-023,open
2026-04-19T23:54:00Z,10.2.41.150,policy_violation,HIGH,asset-010,investigating
2026-04-20T00:13:00Z,10.0.245.235,malware_detected,LOW,asset-016,closed
2026-04-20T00:20:00Z,10.0.175.44,privilege_escalation,HIGH,asset-025,open
2026-04-20T00:25:00Z,10.3.168.113,privilege_escalation,LOW,asset-022,investigating
2026-04-20T01:18:00Z,10.3.131.192,brute_force,MEDIUM,asset-031,open
2026-04-20T02:25:00Z,10.1.61.244,brute_force,MEDIUM,asset-029,open
2026-04-20T03:03:00Z,10.3.32.29,malware_detected,HIGH,asset-032,closed
2026-04-20T03:11:00Z,10.1.198.108,privilege_escalation,LOW,asset-039,open
2026-04-20T05:04:00Z,10.2.233.187,brute_force,HIGH,asset-034,closed
2026-04-20T05:31:00Z,10.1.112.6,brute_force,HIGH,asset-034,investigating
2026-04-20T05:53:00Z,10.2.49.121,policy_violation,HIGH,asset-009,closed
2026-04-20T05:55:00Z,10.2.128.22,privilege_escalation,HIGH,asset-024,closed
2026-04-20T07:14:00Z,10.3.168.72,brute_force,MEDIUM,asset-005,investigating
2026-04-20T08:14:00Z,10.2.61.191,brute_force,MEDIUM,asset-035,closed
2026-04-20T08:31:00Z,10.3.141.108,malware_detected,HIGH,asset-020,investigating
2026-04-20T08:54:00Z,10.2.162.116,privilege_escalation,MEDIUM,asset-018,open
2026-04-20T11:57:00Z,10.1.127.171,brute_force,LOW,asset-007,investigating
2026-04-20T13:10:00Z,10.2.91.130,data_exfiltration,HIGH,asset-007,closed
2026-04-20T15:07:00Z,10.1.198.117,brute_force,HIGH,asset-024,closed
2026-04-20T15:57:00Z,10.3.236.197,malware_detected,HIGH,asset-019,investigating
2026-04-20T17:08:00Z,10.3.89.158,malware_detected,HIGH,asset-037,investigating
2026-04-20T18:46:00Z,10.2.184.178,policy_violation,HIGH,asset-016,open
2026-04-20T20:27:00Z,10.2.101.99,privilege_escalation,MEDIUM,asset-031,open
2026-04-20T20:32:00Z,10.1.191.196,policy_violation,HIGH,asset-011,closed
2026-04-20T20:44:00Z,10.0.158.144,data_exfiltration,HIGH,asset-025,closed
2026-04-20T20:45:00Z,10.3.205.22,policy_violation,MEDIUM,asset-035,closed
2026-04-20T21:40:00Z,10.1.49.7,policy_violation,MEDIUM,asset-014,open
2026-04-20T22:08:00Z,10.0.145.121,data_exfiltration,HIGH,asset-031,investigating
2026-04-21T03:00:00Z,10.3.89.34,data_exfiltration,LOW,asset-025,closed
2026-04-21T05:03:00Z,10.0.33.103,privilege_escalation,MEDIUM,asset-032,open
2026-04-21T06:48:00Z,10.3.255.226,malware_detected,HIGH,asset-020,investigating
2026-04-21T07:00:00Z,10.1.228.193,privilege_escalation,MEDIUM,asset-018,investigating
2026-04-21T07:21:00Z,10.0.99.232,malware_detected,HIGH,asset-023,investigating
2026-04-21T07:26:00Z,10.0.190.31,privilege_escalation,MEDIUM,asset-033,closed
2026-04-21T07:29:00Z,10.1.72.25,brute_force,HIGH,asset-004,investigating
2026-04-21T07:53:00Z,10.3.124.193,brute_force,HIGH,asset-030,closed
2026-04-21T09:47:00Z,10.1.166.97,data_exfiltration,LOW,asset-018,investigating
2026-04-21T10:42:00Z,10.2.210.178,brute_force,LOW,asset-032,investigating
2026-04-21T13:07:00Z,10.1.231.79,policy_violation,MEDIUM,asset-030,investigating
2026-04-21T14:25:00Z,10.0.160.110,data_exfiltration,LOW,asset-021,closed
2026-04-21T17:05:00Z,10.3.78.181,malware_detected,HIGH,asset-014,open
2026-04-21T19:14:00Z,10.2.29.208,brute_force,LOW,asset-031,closed
2026-04-21T19:20:00Z,10.2.172.130,malware_detected,HIGH,asset-033,closed
2026-04-21T20:05:00Z,10.0.97.14,data_exfiltration,MEDIUM,asset-018,investigating
2026-04-21T20:11:00Z,10.3.93.208,data_exfiltration,LOW,asset-009,open
2026-04-21T21:30:00Z,10.2.88.118,policy_violation,MEDIUM,asset-035,investigating
2026-04-21T22:18:00Z,10.2.48.35,privilege_escalation,LOW,asset-027,open
2026-04-21T22:20:00Z,10.1.189.132,privilege_escalation,MEDIUM,asset-036,open
2026-04-21T22:30:00Z,10.1.2.247,brute_force,MEDIUM,asset-036,open
2026-04-22T00:57:00Z,10.1.9.174,privilege_escalation,LOW,asset-001,closed
2026-04-22T01:55:00Z,10.0.188.112,privilege_escalation,MEDIUM,asset-026,closed
2026-04-22T03:59:00Z,10.1.13.244,policy_violation,HIGH,asset-030,closed
2026-04-22T07:41:00Z,10.0.15.244,brute_force,LOW,asset-016,open
2026-04-22T08:21:00Z,10.2.5.133,privilege_escalation,LOW,asset-013,open
2026-04-22T09:11:00Z,10.3.98.58,malware_detected,HIGH,asset-009,open
2026-04-22T10:10:00Z,10.2.228.3,brute_force,LOW,asset-017,open
2026-04-22T10:12:00Z,10.2.250.136,data_exfiltration,HIGH,asset-021,closed
2026-04-22T10:35:00Z,10.1.205.129,privilege_escalation,HIGH,asset-003,open
2026-04-22T11:27:00Z,10.3.92.44,malware_detected,HIGH,asset-012,open
2026-04-22T13:07:00Z,10.3.157.12,privilege_escalation,LOW,asset-015,investigating
2026-04-22T17:27:00Z,10.2.6.218,privilege_escalation,HIGH,asset-027,investigating
2026-04-22T18:14:00Z,10.1.136.137,malware_detected,HIGH,asset-004,open
2026-04-22T19:48:00Z,10.3.26.53,data_exfiltration,LOW,asset-018,closed
2026-04-22T20:32:00Z,10.2.14.30,data_exfiltration,LOW,asset-017,open
2026-04-23T00:45:00Z,10.0.52.205,malware_detected,HIGH,asset-035,open
2026-04-23T02:46:00Z,10.2.153.36,brute_force,HIGH,asset-025,open
2026-04-23T03:15:00Z,10.0.6.253,data_exfiltration,LOW,asset-024,investigating
2026-04-23T05:48:00Z,10.1.115.77,policy_violation,MEDIUM,asset-010,investigating
2026-04-23T06:27:00Z,10.2.145.87,malware_detected,HIGH,asset-036,closed
2026-04-23T08:04:00Z,10.2.108.168,malware_detected,LOW,asset-032,investigating
2026-04-23T08:32:00Z,10.3.41.154,policy_violation,MEDIUM,asset-003,investigating
2026-04-23T10:01:00Z,10.3.116.92,privilege_escalation,MEDIUM,asset-036,investigating
2026-04-23T10:23:00Z,10.2.227.93,brute_force,HIGH,asset-018,open
2026-04-23T13:29:00Z,10.2.159.185,privilege_escalation,HIGH,asset-021,closed
2026-04-23T14:35:00Z,10.0.236.27,policy_violation,HIGH,asset-009,open
2026-04-23T17:20:00Z,10.3.6.202,privilege_escalation,LOW,asset-040,closed
2026-04-23T17:30:00Z,10.1.42.128,brute_force,MEDIUM,asset-028,closed
2026-04-23T17:53:00Z,10.1.220.202,brute_force,HIGH,asset-038,closed
2026-04-23T18:35:00Z,10.0.184.1,data_exfiltration,HIGH,asset-028,open
2026-04-23T19:25:00Z,10.2.180.217,policy_violation,HIGH,asset-030,closed
2026-04-23T19:26:00Z,10.1.167.240,malware_detected,LOW,asset-037,closed
2026-04-23T20:59:00Z,10.1.190.126,brute_force,MEDIUM,asset-039,investigating
2026-04-24T00:01:00Z,10.2.146.5,policy_violation,LOW,asset-033,closed
2026-04-24T01:25:00Z,10.1.197.21,policy_violation,MEDIUM,asset-024,open
2026-04-24T02:07:00Z,10.2.233.201,malware_detected,HIGH,asset-014,closed
2026-04-24T04:56:00Z,10.2.206.94,privilege_escalation,LOW,asset-003,investigating
2026-04-24T05:43:00Z,10.3.43.198,policy_violation,LOW,asset-040,investigating
2026-04-24T12:27:00Z,10.0.19.137,data_exfiltration,MEDIUM,asset-013,closed
2026-04-24T13:21:00Z,10.3.31.53,policy_violation,MEDIUM,asset-027,investigating
2026-04-24T15:30:00Z,10.0.84.98,malware_detected,MEDIUM,asset-001,investigating
2026-04-24T15:38:00Z,10.2.110.194,data_exfiltration,MEDIUM,asset-033,open
2026-04-24T19:44:00Z,10.2.111.52,policy_violation,MEDIUM,asset-014,closed
2026-04-24T20:59:00Z,10.1.147.83,data_exfiltration,MEDIUM,asset-019,closed
2026-04-24T21:06:00Z,10.1.214.213,policy_violation,MEDIUM,asset-007,closed
2026-04-25T01:06:00Z,10.2.184.206,malware_detected,MEDIUM,asset-021,investigating
2026-04-25T01:46:00Z,10.3.140.164,privilege_escalation,LOW,asset-004,open
2026-04-25T02:54:00Z,10.2.60.252,data_exfiltration,MEDIUM,asset-032,closed
2026-04-25T03:06:00Z,10.2.149.141,malware_detected,HIGH,asset-034,investigating
2026-04-25T03:49:00Z,10.2.219.43,malware_detected,HIGH,asset-040,open
2026-04-25T04:51:00Z,10.2.226.157,data_exfiltration,LOW,asset-033,investigating
2026-04-25T05:57:00Z,10.2.177.182,data_exfiltration,HIGH,asset-005,closed
2026-04-25T06:39:00Z,10.3.102.32,privilege_escalation,LOW,asset-009,open
2026-04-25T07:34:00Z,10.0.71.129,malware_detected,MEDIUM,asset-019,open
2026-04-25T08:11:00Z,10.3.46.121,policy_violation,MEDIUM,asset-023,investigating
2026-04-25T08:12:00Z,10.3.131.184,brute_force,HIGH,asset-012,open
2026-04-25T08:53:00Z,10.3.215.167,data_exfiltration,LOW,asset-011,open
2026-04-25T09:43:00Z,10.3.52.2,policy_violation,LOW,asset-033,closed
2026-04-25T12:07:00Z,10.3.78.53,policy_violation,MEDIUM,asset-001,investigating
2026-04-25T12:21:00Z,10.3.188.237,malware_detected,HIGH,asset-034,investigating
2026-04-25T14:02:00Z,10.2.39.166,brute_force,MEDIUM,asset-006,closed
2026-04-25T16:09:00Z,10.1.230.227,data_exfiltration,HIGH,asset-023,open
2026-04-25T17:07:00Z,10.2.185.148,data_exfiltration,HIGH,asset-013,closed
2026-04-25T19:30:00Z,10.3.18.203,policy_violation,MEDIUM,asset-024,closed
2026-04-25T20:01:00Z,10.3.218.176,brute_force,LOW,asset-007,investigating
2026-04-25T21:59:00Z,10.2.161.39,policy_violation,LOW,asset-029,open
2026-04-25T22:38:00Z,10.0.118.74,data_exfiltration,MEDIUM,asset-019,closed
2026-04-26T00:24:00Z,10.3.84.216,privilege_escalation,LOW,asset-030,open
2026-04-26T01:22:00Z,10.2.213.105,data_exfiltration,LOW,asset-010,investigating
2026-04-26T05:33:00Z,10.1.124.9,policy_violation,MEDIUM,asset-037,closed
2026-04-26T08:57:00Z,10.3.141.12,brute_force,HIGH,asset-001,investigating
2026-04-26T10:40:00Z,10.0.2.116,malware_detected,HIGH,asset-018,open
2026-04-26T11:30:00Z,10.3.163.18,brute_force,MEDIUM,asset-020,open
2026-04-26T14:40:00Z,10.0.180.130,privilege_escalation,MEDIUM,asset-005,investigating
2026-04-26T17:33:00Z,10.2.180.180,privilege_escalation,MEDIUM,asset-030,investigating
2026-04-26T18:38:00Z,10.1.141.104,data_exfiltration,HIGH,asset-010,closed
2026-04-26T22:36:00Z,10.0.188.85,privilege_escalation,MEDIUM,asset-008,investigating
2026-04-27T02:16:00Z,10.0.254.117,policy_violation,LOW,asset-033,investigating
2026-04-27T04:46:00Z,10.0.152.119,malware_detected,MEDIUM,asset-035,investigating
2026-04-27T05:07:00Z,10.0.192.225,privilege_escalation,LOW,asset-017,closed
2026-04-27T07:26:00Z,10.0.89.161,privilege_escalation,MEDIUM,asset-028,closed
2026-04-27T07:35:00Z,10.1.40.118,data_exfiltration,MEDIUM,asset-029,closed
2026-04-27T08:35:00Z,10.0.136.197,brute_force,MEDIUM,asset-022,open
2026-04-27T08:52:00Z,10.3.40.96,privilege_escalation,MEDIUM,asset-026,investigating
2026-04-27T10:05:00Z,10.0.94.252,data_exfiltration,LOW,asset-009,investigating
2026-04-27T10:27:00Z,10.3.183.193,malware_detected,HIGH,asset-013,open
2026-04-27T12:08:00Z,10.0.88.50,policy_violation,LOW,asset-013,open
2026-04-27T13:07:00Z,10.1.51.237,data_exfiltration,HIGH,asset-007,closed
2026-04-27T16:10:00Z,10.0.95.18,brute_force,LOW,asset-039,open
2026-04-27T16:26:00Z,10.1.128.14,malware_detected,MEDIUM,asset-031,investigating
2026-04-27T17:32:00Z,10.0.199.224,policy_violation,LOW,asset-031,open
2026-04-27T17:43:00Z,10.0.169.160,malware_detected,HIGH,asset-021,closed
2026-04-27T18:06:00Z,10.1.22.187,data_exfiltration,LOW,asset-034,investigating
2026-04-27T19:01:00Z,10.3.112.115,policy_violation,HIGH,asset-038,investigating
2026-04-27T19:32:00Z,10.2.27.201,malware_detected,MEDIUM,asset-016,investigating
2026-04-27T19:58:00Z,10.0.70.133,data_exfiltration,LOW,asset-014,closed
2026-04-28T00:35:00Z,10.1.58.119,data_exfiltration,HIGH,asset-008,closed
2026-04-28T00:40:00Z,10.1.73.75,policy_violation,LOW,asset-028,open
2026-04-28T01:53:00Z,10.3.243.147,data_exfiltration,LOW,asset-016,investigating
2026-04-28T02:38:00Z,10.3.6.75,policy_violation,MEDIUM,asset-027,investigating
2026-04-28T03:45:00Z,10.2.42.196,policy_violation,HIGH,asset-011,investigating
2026-04-28T04:17:00Z,10.1.175.53,privilege_escalation,LOW,asset-017,closed
2026-04-28T08:08:00Z,10.0.86.152,privilege_escalation,LOW,asset-038,open
2026-04-28T09:14:00Z,10.1.250.82,privilege_escalation,MEDIUM,asset-031,investigating
2026-04-28T09:57:00Z,10.1.185.131,privilege_escalation,HIGH,asset-015,open
2026-04-28T11:43:00Z,10.3.98.246,privilege_escalation,LOW,asset-016,investigating
2026-04-28T12:52:00Z,10.2.79.71,malware_detected,HIGH,asset-013,closed
2026-04-28T14:08:00Z,10.2.236.64,data_exfiltration,HIGH,asset-005,investigating
2026-04-28T15:22:00Z,10.3.233.239,privilege_escalation,LOW,asset-021,open
2026-04-28T15:22:00Z,10.2.198.70,policy_violation,LOW,asset-012,open
2026-04-28T15:58:00Z,10.3.169.61,malware_detected,MEDIUM,asset-001,open
2026-04-28T23:17:00Z,10.3.202.210,privilege_escalation,HIGH,asset-023,open
2026-04-29T00:55:00Z,10.3.183.218,brute_force,MEDIUM,asset-005,closed
2026-04-29T00:59:00Z,10.3.203.242,privilege_escalation,LOW,asset-013,open
2026-04-29T03:04:00Z,10.2.67.239,policy_violation,HIGH,asset-023,open
2026-04-29T05:49:00Z,10.0.63.133,malware_detected,HIGH,asset-010,investigating
2026-04-29T06:45:00Z,10.3.124.38,data_exfiltration,MEDIUM,asset-001,open
2026-04-29T07:15:00Z,10.1.119.14,brute_force,MEDIUM,asset-007,investigating
2026-04-29T07:44:00Z,10.0.16.24,malware_detected,HIGH,asset-026,investigating
2026-04-29T08:02:00Z,10.2.160.112,brute_force,MEDIUM,asset-039,closed
2026-04-29T08:58:00Z,10.0.101.232,brute_force,HIGH,asset-029,open
2026-04-29T09:50:00Z,10.2.116.185,brute_force,MEDIUM,asset-004,closed
2026-04-29T12:22:00Z,10.2.183.234,malware_detected,HIGH,asset-038,open
2026-04-29T12:27:00Z,10.1.85.126,malware_detected,HIGH,asset-019,open
2026-04-29T20:43:00Z,10.2.43.64,brute_force,HIGH,asset-008,closed
2026-04-29T20:43:00Z,10.3.54.3,data_exfiltration,MEDIUM,asset-007,investigating
2026-04-29T20:48:00Z,10.3.122.15,brute_force,HIGH,asset-016,open
2026-04-29T22:53:00Z,10.2.61.204,malware_detected,HIGH,asset-037,open
2026-04-30T01:00:00Z,10.1.70.196,malware_detected,HIGH,asset-017,investigating
2026-04-30T01:28:00Z,10.0.125.190,policy_violation,LOW,asset-003,investigating
2026-04-30T01:38:00Z,10.0.24.177,brute_force,MEDIUM,asset-008,investigating
2026-04-30T02:04:00Z,10.3.210.197,privilege_escalation,MEDIUM,asset-027,closed
2026-04-30T02:15:00Z,10.0.222.251,privilege_escalation,HIGH,asset-007,closed
2026-04-30T02:56:00Z,10.0.41.70,brute_force,HIGH,asset-029,closed
2026-04-30T03:59:00Z,10.3.252.228,privilege_escalation,MEDIUM,asset-009,closed
2026-04-30T04:17:00Z,10.1.79.138,brute_force,HIGH,asset-021,investigating
2026-04-30T04:43:00Z,10.2.227.196,data_exfiltration,MEDIUM,asset-005,closed
2026-04-30T08:56:00Z,10.2.93.30,brute_force,MEDIUM,asset-026,investigating
2026-04-30T11:15:00Z,10.1.43.135,policy_violation,MEDIUM,asset-024,open
2026-04-30T12:09:00Z,10.1.224.12,malware_detected,HIGH,asset-027,investigating
2026-04-30T12:39:00Z,10.1.118.119,malware_detected,HIGH,asset-017,investigating
2026-04-30T13:17:00Z,10.1.227.114,brute_force,MEDIUM,asset-016,investigating
2026-04-30T16:24:00Z,10.0.230.233,data_exfiltration,LOW,asset-037,closed
2026-04-30T17:01:00Z,10.0.42.165,data_exfiltration,LOW,asset-028,open
2026-04-30T19:56:00Z,10.3.214.251,privilege_escalation,LOW,asset-039,closed
2026-04-30T20:19:00Z,10.1.233.244,policy_violation,LOW,asset-022,investigating
2026-04-30T21:24:00Z,10.3.166.47,privilege_escalation,HIGH,asset-032,open
2026-04-30T21:44:00Z,10.3.169.177,data_exfiltration,HIGH,asset-016,open
2026-04-30T22:13:00Z,10.2.144.98,data_exfiltration,HIGH,asset-030,closed
2026-05-01T00:06:00Z,10.0.0.212,data_exfiltration,MEDIUM,asset-006,closed
2026-05-01T01:14:00Z,10.2.36.132,brute_force,LOW,asset-016,investigating
2026-05-01T03:01:00Z,10.1.71.189,privilege_escalation,HIGH,asset-007,closed
2026-05-01T04:58:00Z,10.0.30.43,privilege_escalation,HIGH,asset-020,closed
2026-05-01T09:05:00Z,10.2.203.121,data_exfiltration,HIGH,asset-032,closed
2026-05-01T09:15:00Z,10.1.216.203,privilege_escalation,LOW,asset-025,open
2026-05-01T09:30:00Z,10.3.152.117,malware_detected,MEDIUM,asset-005,closed
2026-05-01T10:29:00Z,10.1.242.204,data_exfiltration,MEDIUM,asset-011,closed
2026-05-01T10:45:00Z,10.3.213.173,brute_force,MEDIUM,asset-035,investigating
2026-05-01T11:19:00Z,10.3.238.26,privilege_escalation,MEDIUM,asset-031,investigating
2026-05-01T12:23:00Z,10.0.182.202,privilege_escalation,LOW,asset-005,investigating
2026-05-01T18:35:00Z,10.2.232.130,privilege_escalation,MEDIUM,asset-039,investigating
2026-05-01T20:06:00Z,10.2.55.64,brute_force,MEDIUM,asset-013,open
2026-05-01T21:09:00Z,10.0.84.113,brute_force,MEDIUM,asset-023,closed
2026-05-01T22:56:00Z,10.0.192.218,brute_force,LOW,asset-020,open
2026-05-01T23:31:00Z,10.2.86.36,data_exfiltration,HIGH,asset-035,investigating
2026-05-02T01:59:00Z,10.3.160.248,data_exfiltration,MEDIUM,asset-036,open
2026-05-02T02:58:00Z,10.3.76.244,brute_force,LOW,asset-006,closed
2026-05-02T03:29:00Z,10.3.159.177,privilege_escalation,HIGH,asset-008,closed
2026-05-02T07:25:00Z,10.1.20.159,brute_force,LOW,asset-006,investigating
2026-05-02T07:30:00Z,10.2.113.166,brute_force,MEDIUM,asset-005,closed
2026-05-02T12:04:00Z,10.0.46.192,malware_detected,MEDIUM,asset-034,open
2026-05-02T12:52:00Z,10.3.45.81,policy_violation,HIGH,asset-017,investigating
2026-05-02T13:51:00Z,10.0.76.62,malware_detected,HIGH,asset-013,closed
2026-05-02T15:13:00Z,10.3.124.201,policy_violation,HIGH,asset-031,investigating
2026-05-02T17:19:00Z,10.1.135.30,brute_force,LOW,asset-007,closed
2026-05-02T18:36:00Z,10.2.104.172,policy_violation,MEDIUM,asset-021,open
2026-05-02T19:38:00Z,10.1.111.123,brute_force,LOW,asset-014,investigating
2026-05-02T20:25:00Z,10.1.15.37,privilege_escalation,LOW,asset-039,closed
2026-05-02T23:07:00Z,10.0.22.220,malware_detected,MEDIUM,asset-001,open
2026-05-02T23:15:00Z,10.2.229.60,data_exfiltration,LOW,asset-035,open
2026-05-03T02:32:00Z,10.3.224.135,malware_detected,HIGH,asset-034,closed
2026-05-03T03:02:00Z,10.3.54.66,malware_detected,HIGH,asset-040,open
2026-05-03T03:28:00Z,10.0.23.84,malware_detected,MEDIUM,asset-004,investigating
2026-05-03T07:32:00Z,10.2.36.102,policy_violation,LOW,asset-003,investigating
2026-05-03T07:36:00Z,10.3.22.82,data_exfiltration,HIGH,asset-031,closed
2026-05-03T08:49:00Z,10.0.83.247,privilege_escalation,HIGH,asset-020,open
2026-05-03T09:43:00Z,10.1.91.129,privilege_escalation,LOW,asset-035,closed
2026-05-03T09:58:00Z,10.0.92.223,privilege_escalation,MEDIUM,asset-010,closed
2026-05-03T14:02:00Z,10.0.102.227,privilege_escalation,HIGH,asset-003,investigating
2026-05-03T14:04:00Z,10.1.33.33,brute_force,HIGH,asset-018,closed
2026-05-03T14:31:00Z,10.0.112.75,malware_detected,HIGH,asset-003,investigating
2026-05-03T18:52:00Z,10.1.243.233,malware_detected,HIGH,asset-023,closed
2026-05-03T19:06:00Z,10.1.246.89,data_exfiltration,LOW,asset-025,open
2026-05-03T22:22:00Z,10.1.96.215,policy_violation,LOW,asset-032,closed
2026-05-03T22:41:00Z,10.3.178.118,privilege_escalation,MEDIUM,asset-017,open
2026-05-04T02:35:00Z,10.3.15.111,brute_force,MEDIUM,asset-011,closed
2026-05-04T03:06:00Z,10.1.87.85,brute_force,HIGH,asset-023,investigating
2026-05-04T05:31:00Z,10.0.134.199,policy_violation,MEDIUM,asset-017,closed
2026-05-04T07:14:00Z,10.1.52.99,privilege_escalation,MEDIUM,asset-033,closed
2026-05-04T08:46:00Z,10.0.171.207,brute_force,MEDIUM,asset-028,investigating
2026-05-04T09:26:00Z,10.2.150.119,privilege_escalation,MEDIUM,asset-008,investigating
2026-05-04T10:38:00Z,10.0.117.247,privilege_escalation,HIGH,asset-037,closed
2026-05-04T10:50:00Z,10.1.89.157,privilege_escalation,LOW,asset-026,investigating
2026-05-04T11:03:00Z,10.0.174.155,brute_force,MEDIUM,asset-040,closed
2026-05-04T13:10:00Z,10.3.179.140,data_exfiltration,MEDIUM,asset-025,open
2026-05-04T13:11:00Z,10.2.139.213,malware_detected,HIGH,asset-011,investigating
2026-05-04T15:48:00Z,10.0.81.17,policy_violation,MEDIUM,asset-020,closed
2026-05-04T15:58:00Z,10.0.172.210,privilege_escalation,MEDIUM,asset-020,investigating
2026-05-04T17:05:00Z,10.0.15.24,policy_violation,MEDIUM,asset-014,open
2026-05-04T17:48:00Z,10.3.12.60,malware_detected,HIGH,asset-035,investigating
2026-05-04T17:55:00Z,10.3.121.131,malware_detected,MEDIUM,asset-019,closed
2026-05-04T18:58:00Z,10.0.239.177,privilege_escalation,MEDIUM,asset-020,closed
2026-05-04T19:07:00Z,10.0.254.51,privilege_escalation,HIGH,asset-039,open
2026-05-04T19:23:00Z,10.3.111.196,data_exfiltration,LOW,asset-016,closed
2026-05-04T20:52:00Z,10.1.131.51,malware_detected,HIGH,asset-012,closed
2026-05-04T22:34:00Z,10.1.212.168,data_exfiltration,LOW,asset-007,investigating
2026-05-04T23:23:00Z,10.2.62.106,malware_detected,MEDIUM,asset-023,closed
2026-05-05T02:46:00Z,10.1.194.44,policy_violation,HIGH,asset-009,investigating
2026-05-05T03:02:00Z,10.0.123.53,data_exfiltration,LOW,asset-005,open
2026-05-05T03:37:00Z,10.3.161.203,data_exfiltration,MEDIUM,asset-009,open
2026-05-05T03:50:00Z,10.2.210.68,privilege_escalation,LOW,asset-025,closed
2026-05-05T04:08:00Z,10.1.135.136,data_exfiltration,LOW,asset-039,investigating
2026-05-05T04:40:00Z,10.3.218.144,privilege_escalation,HIGH,asset-001,open
2026-05-05T04:49:00Z,10.3.229.223,data_exfiltration,MEDIUM,asset-025,investigating
2026-05-05T04:50:00Z,10.2.74.253,policy_violation,HIGH,asset-009,closed
2026-05-05T05:36:00Z,10.0.66.158,malware_detected,HIGH,asset-028,closed
2026-05-05T07:17:00Z,10.2.231.207,data_exfiltration,MEDIUM,asset-009,open
2026-05-05T07:55:00Z,10.2.46.203,data_exfiltration,LOW,asset-026,open
2026-05-05T07:57:00Z,10.3.163.175,brute_force,LOW,asset-009,closed
2026-05-05T08:53:00Z,10.2.209.76,policy_violation,HIGH,asset-011,open
2026-05-05T09:20:00Z,10.0.188.52,brute_force,MEDIUM,asset-019,closed
2026-05-05T12:17:00Z,10.0.240.5,data_exfiltration,MEDIUM,asset-035,open
2026-05-05T12:54:00Z,10.1.249.57,data_exfiltration,LOW,asset-018,investigating
2026-05-05T13:02:00Z,10.3.234.169,policy_violation,HIGH,asset-038,closed
2026-05-05T13:14:00Z,10.3.25.143,malware_detected,MEDIUM,asset-016,open
2026-05-05T13:38:00Z,10.1.194.116,policy_violation,LOW,asset-029,investigating
2026-05-05T13:55:00Z,10.2.180.27,brute_force,LOW,asset-037,closed
2026-05-05T16:58:00Z,10.3.9.29,brute_force,MEDIUM,asset-024,investigating
2026-05-05T17:17:00Z,10.0.65.250,policy_violation,LOW,asset-007,investigating
2026-05-05T17:52:00Z,10.0.225.140,privilege_escalation,LOW,asset-014,investigating
2026-05-05T17:56:00Z,10.1.121.222,data_exfiltration,LOW,asset-011,open
2026-05-05T18:16:00Z,10.3.15.128,malware_detected,MEDIUM,asset-035,investigating
2026-05-05T19:55:00Z,10.2.39.235,brute_force,MEDIUM,asset-037,open
2026-05-05T21:37:00Z,10.2.12.124,policy_violation,HIGH,asset-007,investigating
2026-05-06T00:05:00Z,10.3.124.79,privilege_escalation,HIGH,asset-038,investigating
2026-05-06T00:48:00Z,10.2.142.40,malware_detected,MEDIUM,asset-014,investigating
2026-05-06T02:23:00Z,10.3.100.118,privilege_escalation,HIGH,asset-007,open
2026-05-06T02:25:00Z,10.2.188.117,policy_violation,LOW,asset-032,investigating
2026-05-06T02:46:00Z,10.3.92.140,data_exfiltration,HIGH,asset-019,investigating
2026-05-06T06:09:00Z,10.3.37.117,brute_force,HIGH,asset-027,closed
2026-05-06T06:52:00Z,10.2.143.153,malware_detected,MEDIUM,asset-035,open
2026-05-06T07:45:00Z,10.1.194.183,brute_force,HIGH,asset-010,closed
2026-05-06T09:13:00Z,10.2.231.27,policy_violation,HIGH,asset-040,closed
2026-05-06T09:47:00Z,10.3.188.152,policy_violation,HIGH,asset-032,open
2026-05-06T10:36:00Z,10.0.117.55,brute_force,LOW,asset-037,investigating
2026-05-06T10:52:00Z,10.0.216.131,malware_detected,MEDIUM,asset-024,open
2026-05-06T11:14:00Z,10.1.49.232,malware_detected,MEDIUM,asset-003,investigating
2026-05-06T14:02:00Z,10.1.46.233,policy_violation,MEDIUM,asset-019,investigating
2026-05-06T14:02:00Z,10.2.185.99,malware_detected,HIGH,asset-037,open
2026-05-06T17:06:00Z,10.0.47.238,brute_force,MEDIUM,asset-016,open
2026-05-06T18:43:00Z,10.3.183.157,data_exfiltration,HIGH,asset-002,closed
2026-05-06T20:41:00Z,10.2.48.143,privilege_escalation,HIGH,asset-025,investigating
2026-05-06T22:07:00Z,10.0.84.239,brute_force,LOW,asset-016,closed
2026-05-07T00:39:00Z,10.3.58.145,malware_detected,HIGH,asset-014,investigating
2026-05-07T01:52:00Z,10.2.242.184,malware_detected,MEDIUM,asset-024,closed
2026-05-07T04:31:00Z,10.2.212.214,privilege_escalation,LOW,asset-031,investigating
2026-05-07T11:35:00Z,10.2.152.176,policy_violation,LOW,asset-007,investigating
2026-05-07T12:43:00Z,10.3.71.203,policy_violation,MEDIUM,asset-006,closed
2026-05-07T12:50:00Z,10.2.19.3,data_exfiltration,HIGH,asset-020,closed
2026-05-07T14:58:00Z,10.3.59.36,privilege_escalation,LOW,asset-003,open
2026-05-07T15:50:00Z,10.1.83.116,policy_violation,LOW,asset-005,open
2026-05-07T17:28:00Z,10.3.230.67,malware_detected,MEDIUM,asset-016,closed
2026-05-07T17:57:00Z,10.0.80.130,policy_violation,HIGH,asset-031,investigating
2026-05-07T20:09:00Z,10.2.34.23,policy_violation,MEDIUM,asset-025,closed
2026-05-07T20:38:00Z,10.1.245.81,malware_detected,HIGH,asset-012,investigating
2026-05-07T22:05:00Z,10.3.25.42,privilege_escalation,HIGH,asset-037,open
2026-05-07T23:25:00Z,10.3.218.45,data_exfiltration,HIGH,asset-023,open
2026-05-07T23:36:00Z,10.2.121.78,privilege_escalation,LOW,asset-010,closed
2026-05-08T03:05:00Z,10.2.20.56,malware_detected,MEDIUM,asset-021,open
2026-05-08T03:46:00Z,10.2.209.84,privilege_escalation,LOW,asset-026,closed
2026-05-08T03:55:00Z,10.3.7.185,data_exfiltration,HIGH,asset-010,investigating
2026-05-08T05:04:00Z,10.1.169.249,data_exfiltration,MEDIUM,asset-018,open
2026-05-08T07:41:00Z,10.2.209.132,malware_detected,MEDIUM,asset-002,closed
2026-05-08T14:04:00Z,10.1.217.30,malware_detected,LOW,asset-035,open
2026-05-08T14:11:00Z,10.2.108.117,brute_force,HIGH,asset-021,investigating
2026-05-08T18:27:00Z,10.0.50.243,privilege_escalation,LOW,asset-014,closed
2026-05-08T20:09:00Z,10.2.173.160,brute_force,MEDIUM,asset-026,closed
2026-05-09T01:11:00Z,10.0.205.18,malware_detected,MEDIUM,asset-030,investigating
2026-05-09T07:23:00Z,10.3.154.157,privilege_escalation,HIGH,asset-034,open
2026-05-09T13:01:00Z,10.2.210.206,malware_detected,MEDIUM,asset-016,investigating
2026-05-09T13:10:00Z,10.1.97.105,brute_force,HIGH,asset-036,closed
2026-05-09T13:51:00Z,10.0.195.38,brute_force,MEDIUM,asset-004,closed
2026-05-09T17:38:00Z,10.1.181.43,brute_force,HIGH,asset-040,open
2026-05-09T18:25:00Z,10.1.252.24,privilege_escalation,HIGH,asset-004,open
2026-05-09T18:44:00Z,10.3.244.2,brute_force,LOW,asset-023,investigating
2026-05-09T19:50:00Z,10.1.193.79,privilege_escalation,HIGH,asset-019,open
2026-05-09T20:10:00Z,10.2.119.110,brute_force,MEDIUM,asset-006,closed
2026-05-09T20:29:00Z,10.1.134.192,malware_detected,HIGH,asset-038,investigating
2026-05-09T23:57:00Z,10.3.57.228,malware_detected,HIGH,asset-027,investigating
2026-05-10T01:35:00Z,10.1.198.63,data_exfiltration,MEDIUM,asset-017,open
2026-05-10T05:17:00Z,10.1.17.158,privilege_escalation,MEDIUM,asset-040,closed
2026-05-10T06:23:00Z,10.0.113.190,privilege_escalation,MEDIUM,asset-010,open
2026-05-10T09:23:00Z,10.1.68.123,policy_violation,HIGH,asset-010,investigating
2026-05-10T09:32:00Z,10.3.129.10,data_exfiltration,LOW,asset-013,investigating
2026-05-10T12:01:00Z,10.1.108.188,malware_detected,HIGH,asset-002,closed
2026-05-10T12:24:00Z,10.0.64.129,malware_detected,HIGH,asset-038,investigating
2026-05-10T13:07:00Z,10.0.158.171,data_exfiltration,LOW,asset-012,open
2026-05-10T15:44:00Z,10.3.229.158,malware_detected,MEDIUM,asset-001,open
2026-05-10T15:51:00Z,10.2.58.120,privilege_escalation,LOW,asset-005,open
2026-05-10T16:17:00Z,10.2.250.222,brute_force,HIGH,asset-010,investigating
2026-05-10T16:49:00Z,10.1.65.27,malware_detected,MEDIUM,asset-025,closed
2026-05-10T21:41:00Z,10.1.125.42,brute_force,MEDIUM,asset-030,investigating
2026-05-10T23:34:00Z,10.2.152.61,privilege_escalation,LOW,asset-007,open
